BEGIN TRANSACTION;
DROP TABLE IF EXISTS "tbl_desk";
CREATE TABLE IF NOT EXISTS "tbl_desk" (
	"Id"	INTEGER NOT NULL,
	"ZoneId"	INTEGER NOT NULL,
	"DeskNumber"	TEXT NOT NULL,
	"Feature"	TEXT,
	"Status"	TEXT NOT NULL,
	PRIMARY KEY("Id"),
	FOREIGN KEY("ZoneId") REFERENCES "tbl_zone"("Id")
);
DROP TABLE IF EXISTS "tbl_floor";
CREATE TABLE IF NOT EXISTS "tbl_floor" (
	"Id"	INTEGER NOT NULL,
	"LocationId"	INTEGER NOT NULL,
	"Name"	TEXT NOT NULL,
	"Status"	TEXT NOT NULL,
	PRIMARY KEY("Id" AUTOINCREMENT),
	FOREIGN KEY("LocationId") REFERENCES "tbl_location"("Id")
);
DROP TABLE IF EXISTS "tbl_location";
CREATE TABLE IF NOT EXISTS "tbl_location" (
	"Id"	INTEGER NOT NULL,
	"Name"	TEXT NOT NULL,
	"Status"	TEXT NOT NULL,
	PRIMARY KEY("Id")
);
DROP TABLE IF EXISTS "tbl_zone";
CREATE TABLE IF NOT EXISTS "tbl_zone" (
	"Id"	INTEGER NOT NULL,
	"FloorId"	INTEGER NOT NULL,
	"Name"	TEXT NOT NULL,
	"Status"	TEXT NOT NULL,
	PRIMARY KEY("Id"),
	FOREIGN KEY("FloorId") REFERENCES "tbl_floor"("Id")
);
INSERT INTO "tbl_desk" ("Id","ZoneId","DeskNumber","Feature","Status") VALUES (1,1,'L1/A/01','Regular','Y'),
 (2,1,'L1/A/02','Regular','Y'),
 (3,1,'L1/A/03','Regular','Y'),
 (4,1,'L1/A/04','Regular','Y'),
 (5,1,'L1/A/05','Regular','Y'),
 (6,1,'L1/A/06','Regular','Y'),
 (7,1,'L1/A/07','Regular','Y'),
 (8,1,'L1/A/08','Regular','Y'),
 (9,1,'L1/A/09','Regular','Y'),
 (10,1,'L1/A/10','Regular','Y'),
 (11,1,'L1/A/11','Regular','Y'),
 (12,1,'L1/A/12','Regular','Y'),
 (13,1,'L1/A/13','Regular','Y'),
 (14,1,'L1/A/14','Regular','Y'),
 (15,1,'L1/A/15','Regular','Y'),
 (16,1,'L1/A/16','Regular','Y'),
 (17,1,'L1/A/17','Regular','Y'),
 (18,1,'L1/A/18','Regular','Y'),
 (19,1,'L1/A/19','Regular','Y'),
 (20,1,'L1/A/20','Regular','Y'),
 (21,1,'L1/A/21','Regular','Y'),
 (22,1,'L1/A/22','Regular','Y'),
 (23,1,'L1/A/23','Regular','Y'),
 (24,1,'L1/A/24','Regular','Y'),
 (25,1,'L1/A/25','Regular','Y'),
 (26,1,'L1/A/26','Regular','Y'),
 (27,1,'L1/A/27','Regular','Y'),
 (28,1,'L1/A/28','Regular','Y'),
 (29,1,'L1/A/29','Regular','Y'),
 (30,1,'L1/A/30','Regular','Y'),
 (31,1,'L1/A/31','Regular','Y'),
 (32,1,'L1/A/32','Regular','Y'),
 (33,1,'L1/A/33','Regular','Y'),
 (34,1,'L1/A/34','Regular','Y'),
 (35,1,'L1/A/35','Regular','Y'),
 (36,1,'L1/A/36','Regular','Y'),
 (37,1,'L1/A/37','Regular','Y'),
 (38,1,'L1/A/38','Regular','Y'),
 (39,1,'L1/A/39','Regular','Y'),
 (40,1,'L1/A/40','Regular','Y'),
 (41,1,'L1/A/41','Regular','Y'),
 (42,1,'L1/A/42','Regular','Y'),
 (43,1,'L1/A/43','Regular','Y'),
 (44,1,'L1/A/44','Regular','Y'),
 (45,1,'L1/A/45','Regular','Y'),
 (46,1,'L1/A/46','Regular','Y'),
 (47,1,'L1/A/47','Regular','Y'),
 (48,1,'L1/A/48','Regular','Y'),
 (49,1,'L1/A/49','Regular','Y'),
 (50,1,'L1/A/50','Regular','Y'),
 (51,2,'L1/B/51','Regular','Y'),
 (52,2,'L1/B/52','Regular','Y'),
 (53,2,'L1/B/53','Regular','Y'),
 (54,2,'L1/B/54','Regular','Y'),
 (55,2,'L1/B/55','Regular','Y'),
 (56,2,'L1/B/56','Regular','Y'),
 (57,2,'L1/B/57','Regular','Y'),
 (58,2,'L1/B/58','Regular','Y'),
 (59,2,'L1/B/59','Regular','Y'),
 (60,2,'L1/B/60','Regular','Y'),
 (61,2,'L1/B/61','Regular','Y'),
 (62,2,'L1/B/62','Regular','Y'),
 (63,2,'L1/B/63','Regular','Y'),
 (64,2,'L1/B/64','Regular','Y'),
 (65,2,'L1/B/65','Regular','Y'),
 (66,2,'L1/B/66','Regular','Y'),
 (67,2,'L1/B/67','Regular','Y'),
 (68,2,'L1/B/68','Regular','Y'),
 (69,2,'L1/B/69','Regular','Y'),
 (70,2,'L1/B/70','Regular','Y'),
 (71,2,'L1/B/71','Regular','Y'),
 (72,2,'L1/B/72','Regular','Y'),
 (73,2,'L1/B/73','Regular','Y'),
 (74,2,'L1/B/74','Regular','Y'),
 (75,2,'L1/B/75','Regular','Y'),
 (76,2,'L1/B/76','Regular','Y'),
 (77,2,'L1/B/77','Regular','Y'),
 (78,2,'L1/B/78','Regular','Y'),
 (79,2,'L1/B/79','Regular','Y'),
 (80,2,'L1/B/80','Regular','Y'),
 (81,2,'L1/B/81','Regular','Y'),
 (82,2,'L1/B/82','Regular','Y'),
 (83,2,'L1/B/83','Regular','Y'),
 (84,2,'L1/B/84','Regular','Y'),
 (85,2,'L1/B/85','Regular','Y'),
 (86,2,'L1/B/86','Regular','Y'),
 (87,2,'L1/B/87','Regular','Y'),
 (88,2,'L1/B/88','Regular','Y'),
 (89,2,'L1/B/89','Regular','Y'),
 (90,2,'L1/B/90','Regular','Y'),
 (91,2,'L1/B/91','Regular','Y'),
 (92,2,'L1/B/92','Regular','Y'),
 (93,2,'L1/B/93','Regular','Y'),
 (94,2,'L1/B/94','Regular','Y'),
 (95,2,'L1/B/95','Regular','Y'),
 (96,2,'L1/B/96','Regular','Y'),
 (97,2,'L1/B/97','Regular','Y'),
 (98,2,'L1/B/98','Regular','Y'),
 (99,2,'L1/B/99','Regular','Y'),
 (100,2,'L1/B/100','Regular','Y'),
 (101,3,'L1/C/101','Regular','Y'),
 (102,3,'L1/C/102','Regular','Y'),
 (103,3,'L1/C/103','Regular','Y'),
 (104,3,'L1/C/104','Regular','Y'),
 (105,3,'L1/C/105','Regular','Y'),
 (106,3,'L1/C/106','Regular','Y'),
 (107,3,'L1/C/107','Regular','Y'),
 (108,3,'L1/C/108','Regular','Y'),
 (109,3,'L1/C/109','Regular','Y'),
 (110,3,'L1/C/110','Regular','Y'),
 (111,3,'L1/C/111','Regular','Y'),
 (112,3,'L1/C/112','Regular','Y'),
 (113,3,'L1/C/113','Regular','Y'),
 (114,3,'L1/C/114','Regular','Y'),
 (115,3,'L1/C/115','Regular','Y'),
 (116,3,'L1/C/116','Regular','Y'),
 (117,3,'L1/C/117','Regular','Y'),
 (118,3,'L1/C/118','Regular','Y'),
 (119,3,'L1/C/119','Regular','Y'),
 (120,3,'L1/C/120','Regular','Y'),
 (121,3,'L1/C/121','Regular','Y'),
 (122,3,'L1/C/122','Regular','Y'),
 (123,3,'L1/C/123','Regular','Y'),
 (124,3,'L1/C/124','Regular','Y'),
 (125,3,'L1/C/125','Regular','Y'),
 (126,3,'L1/C/126','Regular','Y'),
 (127,3,'L1/C/127','Regular','Y'),
 (128,3,'L1/C/128','Regular','Y'),
 (129,3,'L1/C/129','Regular','Y'),
 (130,3,'L1/C/130','Regular','Y'),
 (131,3,'L1/C/131','Regular','Y'),
 (132,3,'L1/C/132','Regular','Y'),
 (133,3,'L1/C/133','Regular','Y'),
 (134,3,'L1/C/134','Regular','Y'),
 (135,3,'L1/C/135','Regular','Y'),
 (136,3,'L1/C/136','Regular','Y'),
 (137,3,'L1/C/137','Regular','Y'),
 (138,3,'L1/C/138','Regular','Y'),
 (139,3,'L1/C/139','Regular','Y'),
 (140,3,'L1/C/140','Regular','Y'),
 (141,3,'L1/C/141','Regular','Y'),
 (142,3,'L1/C/142','Regular','Y'),
 (143,3,'L1/C/143','Regular','Y'),
 (144,3,'L1/C/144','Regular','Y'),
 (145,3,'L1/C/145','Regular','Y'),
 (146,3,'L1/C/146','Regular','Y'),
 (147,3,'L1/C/147','Regular','Y'),
 (148,3,'L1/C/148','Regular','Y'),
 (149,3,'L1/C/149','Regular','Y'),
 (150,3,'L1/C/150','Regular','Y'),
 (151,4,'L1/D/151','Regular','Y'),
 (152,4,'L1/D/152','Regular','Y'),
 (153,4,'L1/D/153','Regular','Y'),
 (154,4,'L1/D/154','Regular','Y'),
 (155,4,'L1/D/155','Regular','Y'),
 (156,4,'L1/D/156','Regular','Y'),
 (157,4,'L1/D/157','Regular','Y'),
 (158,4,'L1/D/158','Regular','Y'),
 (159,4,'L1/D/159','Regular','Y'),
 (160,4,'L1/D/160','Regular','Y'),
 (161,4,'L1/D/161','Regular','Y'),
 (162,4,'L1/D/162','Regular','Y'),
 (163,4,'L1/D/163','Regular','Y'),
 (164,4,'L1/D/164','Regular','Y'),
 (165,4,'L1/D/165','Regular','Y'),
 (166,4,'L1/D/166','Regular','Y'),
 (167,4,'L1/D/167','Regular','Y'),
 (168,4,'L1/D/168','Regular','Y'),
 (169,4,'L1/D/169','Regular','Y'),
 (170,4,'L1/D/170','Regular','Y'),
 (171,4,'L1/D/171','Regular','Y'),
 (172,4,'L1/D/172','Regular','Y'),
 (173,4,'L1/D/173','Regular','Y'),
 (174,4,'L1/D/174','Regular','Y'),
 (175,4,'L1/D/175','Regular','Y'),
 (176,4,'L1/D/176','Regular','Y'),
 (177,4,'L1/D/177','Regular','Y'),
 (178,4,'L1/D/178','Regular','Y'),
 (179,4,'L1/D/179','Regular','Y'),
 (180,4,'L1/D/180','Regular','Y'),
 (181,4,'L1/D/181','Regular','Y'),
 (182,4,'L1/D/182','Regular','Y'),
 (183,4,'L1/D/183','Regular','Y'),
 (184,4,'L1/D/184','Regular','Y'),
 (185,4,'L1/D/185','Regular','Y'),
 (186,4,'L1/D/186','Regular','Y'),
 (187,4,'L1/D/187','Regular','Y'),
 (188,4,'L1/D/188','Regular','Y'),
 (189,4,'L1/D/189','Regular','Y'),
 (190,4,'L1/D/190','Regular','Y'),
 (191,4,'L1/D/191','Regular','Y'),
 (192,4,'L1/D/192','Regular','Y'),
 (193,4,'L1/D/193','Regular','Y'),
 (194,4,'L1/D/194','Regular','Y'),
 (195,4,'L1/D/195','Regular','Y'),
 (196,4,'L1/D/196','Regular','Y'),
 (197,4,'L1/D/197','Regular','Y'),
 (198,4,'L1/D/198','Regular','Y'),
 (199,4,'L1/D/199','Regular','Y'),
 (200,4,'L1/D/200','Regular','Y'),
 (201,5,'L2/A/01','Regular','Y'),
 (202,5,'L2/A/02','Regular','Y'),
 (203,5,'L2/A/03','Regular','Y'),
 (204,5,'L2/A/04','Regular','Y'),
 (205,5,'L2/A/05','Regular','Y'),
 (206,5,'L2/A/06','Regular','Y'),
 (207,5,'L2/A/07','Regular','Y'),
 (208,5,'L2/A/08','Regular','Y'),
 (209,5,'L2/A/09','Regular','Y'),
 (210,5,'L2/A/10','Regular','Y'),
 (211,5,'L2/A/11','Regular','Y'),
 (212,5,'L2/A/12','Regular','Y'),
 (213,5,'L2/A/13','Regular','Y'),
 (214,5,'L2/A/14','Regular','Y'),
 (215,5,'L2/A/15','Regular','Y'),
 (216,5,'L2/A/16','Regular','Y'),
 (217,5,'L2/A/17','Regular','Y'),
 (218,5,'L2/A/18','Regular','Y'),
 (219,5,'L2/A/19','Regular','Y'),
 (220,5,'L2/A/20','Regular','Y'),
 (221,5,'L2/A/21','Regular','Y'),
 (222,5,'L2/A/22','Regular','Y'),
 (223,5,'L2/A/23','Regular','Y'),
 (224,5,'L2/A/24','Regular','Y'),
 (225,5,'L2/A/25','Regular','Y'),
 (226,5,'L2/A/26','Regular','Y'),
 (227,5,'L2/A/27','Regular','Y'),
 (228,5,'L2/A/28','Regular','Y'),
 (229,5,'L2/A/29','Regular','Y'),
 (230,5,'L2/A/30','Regular','Y'),
 (231,5,'L2/A/31','Regular','Y'),
 (232,5,'L2/A/32','Regular','Y'),
 (233,5,'L2/A/33','Regular','Y'),
 (234,5,'L2/A/34','Regular','Y'),
 (235,5,'L2/A/35','Regular','Y'),
 (236,5,'L2/A/36','Regular','Y'),
 (237,5,'L2/A/37','Regular','Y'),
 (238,5,'L2/A/38','Regular','Y'),
 (239,5,'L2/A/39','Regular','Y'),
 (240,5,'L2/A/40','Regular','Y'),
 (241,5,'L2/A/41','Regular','Y'),
 (242,5,'L2/A/42','Regular','Y'),
 (243,5,'L2/A/43','Regular','Y'),
 (244,5,'L2/A/44','Regular','Y'),
 (245,5,'L2/A/45','Regular','Y'),
 (246,5,'L2/A/46','Regular','Y'),
 (247,5,'L2/A/47','Regular','Y'),
 (248,5,'L2/A/48','Regular','Y'),
 (249,5,'L2/A/49','Regular','Y'),
 (250,5,'L2/A/50','Regular','Y'),
 (251,6,'L2/B/51','Regular','Y'),
 (252,6,'L2/B/52','Regular','Y'),
 (253,6,'L2/B/53','Regular','Y'),
 (254,6,'L2/B/54','Regular','Y'),
 (255,6,'L2/B/55','Regular','Y'),
 (256,6,'L2/B/56','Regular','Y'),
 (257,6,'L2/B/57','Regular','Y'),
 (258,6,'L2/B/58','Regular','Y'),
 (259,6,'L2/B/59','Regular','Y'),
 (260,6,'L2/B/60','Regular','Y'),
 (261,6,'L2/B/61','Regular','Y'),
 (262,6,'L2/B/62','Regular','Y'),
 (263,6,'L2/B/63','Regular','Y'),
 (264,6,'L2/B/64','Regular','Y'),
 (265,6,'L2/B/65','Regular','Y'),
 (266,6,'L2/B/66','Regular','Y'),
 (267,6,'L2/B/67','Regular','Y'),
 (268,6,'L2/B/68','Regular','Y'),
 (269,6,'L2/B/69','Regular','Y'),
 (270,6,'L2/B/70','Regular','Y'),
 (271,6,'L2/B/71','Regular','Y'),
 (272,6,'L2/B/72','Regular','Y'),
 (273,6,'L2/B/73','Regular','Y'),
 (274,6,'L2/B/74','Regular','Y'),
 (275,6,'L2/B/75','Regular','Y'),
 (276,6,'L2/B/76','Regular','Y'),
 (277,6,'L2/B/77','Regular','Y'),
 (278,6,'L2/B/78','Regular','Y'),
 (279,6,'L2/B/79','Regular','Y'),
 (280,6,'L2/B/80','Regular','Y'),
 (281,6,'L2/B/81','Regular','Y'),
 (282,6,'L2/B/82','Regular','Y'),
 (283,6,'L2/B/83','Regular','Y'),
 (284,6,'L2/B/84','Regular','Y'),
 (285,6,'L2/B/85','Regular','Y'),
 (286,6,'L2/B/86','Regular','Y'),
 (287,6,'L2/B/87','Regular','Y'),
 (288,6,'L2/B/88','Regular','Y'),
 (289,6,'L2/B/89','Regular','Y'),
 (290,6,'L2/B/90','Regular','Y'),
 (291,6,'L2/B/91','Regular','Y'),
 (292,6,'L2/B/92','Regular','Y'),
 (293,6,'L2/B/93','Regular','Y'),
 (294,6,'L2/B/94','Regular','Y'),
 (295,6,'L2/B/95','Regular','Y'),
 (296,6,'L2/B/96','Regular','Y'),
 (297,6,'L2/B/97','Regular','Y'),
 (298,6,'L2/B/98','Regular','Y'),
 (299,6,'L2/B/99','Regular','Y'),
 (300,6,'L2/B/100','Regular','Y'),
 (301,7,'L2/C/101','Regular','Y'),
 (302,7,'L2/C/102','Regular','Y'),
 (303,7,'L2/C/103','Regular','Y'),
 (304,7,'L2/C/104','Regular','Y'),
 (305,7,'L2/C/105','Regular','Y'),
 (306,7,'L2/C/106','Regular','Y'),
 (307,7,'L2/C/107','Regular','Y'),
 (308,7,'L2/C/108','Regular','Y'),
 (309,7,'L2/C/109','Regular','Y'),
 (310,7,'L2/C/110','Regular','Y'),
 (311,7,'L2/C/111','Regular','Y'),
 (312,7,'L2/C/112','Regular','Y'),
 (313,7,'L2/C/113','Regular','Y'),
 (314,7,'L2/C/114','Regular','Y'),
 (315,7,'L2/C/115','Regular','Y'),
 (316,7,'L2/C/116','Regular','Y'),
 (317,7,'L2/C/117','Regular','Y'),
 (318,7,'L2/C/118','Regular','Y'),
 (319,7,'L2/C/119','Regular','Y'),
 (320,7,'L2/C/120','Regular','Y'),
 (321,7,'L2/C/121','Regular','Y'),
 (322,7,'L2/C/122','Regular','Y'),
 (323,7,'L2/C/123','Regular','Y'),
 (324,7,'L2/C/124','Regular','Y'),
 (325,7,'L2/C/125','Regular','Y'),
 (326,7,'L2/C/126','Regular','Y'),
 (327,7,'L2/C/127','Regular','Y'),
 (328,7,'L2/C/128','Regular','Y'),
 (329,7,'L2/C/129','Regular','Y'),
 (330,7,'L2/C/130','Regular','Y'),
 (331,7,'L2/C/131','Regular','Y'),
 (332,7,'L2/C/132','Regular','Y'),
 (333,7,'L2/C/133','Regular','Y'),
 (334,7,'L2/C/134','Regular','Y'),
 (335,7,'L2/C/135','Regular','Y'),
 (336,7,'L2/C/136','Regular','Y'),
 (337,7,'L2/C/137','Regular','Y'),
 (338,7,'L2/C/138','Regular','Y'),
 (339,7,'L2/C/139','Regular','Y'),
 (340,7,'L2/C/140','Regular','Y'),
 (341,7,'L2/C/141','Regular','Y'),
 (342,7,'L2/C/142','Regular','Y'),
 (343,7,'L2/C/143','Regular','Y'),
 (344,7,'L2/C/144','Regular','Y'),
 (345,7,'L2/C/145','Regular','Y'),
 (346,7,'L2/C/146','Regular','Y'),
 (347,7,'L2/C/147','Regular','Y'),
 (348,7,'L2/C/148','Regular','Y'),
 (349,7,'L2/C/149','Regular','Y'),
 (350,7,'L2/C/150','Regular','Y'),
 (351,8,'L2/D/151','Regular','Y'),
 (352,8,'L2/D/152','Regular','Y'),
 (353,8,'L2/D/153','Regular','Y'),
 (354,8,'L2/D/154','Regular','Y'),
 (355,8,'L2/D/155','Regular','Y'),
 (356,8,'L2/D/156','Regular','Y'),
 (357,8,'L2/D/157','Regular','Y'),
 (358,8,'L2/D/158','Regular','Y'),
 (359,8,'L2/D/159','Regular','Y'),
 (360,8,'L2/D/160','Regular','Y'),
 (361,8,'L2/D/161','Regular','Y'),
 (362,8,'L2/D/162','Regular','Y'),
 (363,8,'L2/D/163','Regular','Y'),
 (364,8,'L2/D/164','Regular','Y'),
 (365,8,'L2/D/165','Regular','Y'),
 (366,8,'L2/D/166','Regular','Y'),
 (367,8,'L2/D/167','Regular','Y'),
 (368,8,'L2/D/168','Regular','Y'),
 (369,8,'L2/D/169','Regular','Y'),
 (370,8,'L2/D/170','Regular','Y'),
 (371,8,'L2/D/171','Regular','Y'),
 (372,8,'L2/D/172','Regular','Y'),
 (373,8,'L2/D/173','Regular','Y'),
 (374,8,'L2/D/174','Regular','Y'),
 (375,8,'L2/D/175','Regular','Y'),
 (376,8,'L2/D/176','Regular','Y'),
 (377,8,'L2/D/177','Regular','Y'),
 (378,8,'L2/D/178','Regular','Y'),
 (379,8,'L2/D/179','Regular','Y'),
 (380,8,'L2/D/180','Regular','Y'),
 (381,8,'L2/D/181','Regular','Y'),
 (382,8,'L2/D/182','Regular','Y'),
 (383,8,'L2/D/183','Regular','Y'),
 (384,8,'L2/D/184','Regular','Y'),
 (385,8,'L2/D/185','Regular','Y'),
 (386,8,'L2/D/186','Regular','Y'),
 (387,8,'L2/D/187','Regular','Y'),
 (388,8,'L2/D/188','Regular','Y'),
 (389,8,'L2/D/189','Regular','Y'),
 (390,8,'L2/D/190','Regular','Y'),
 (391,8,'L2/D/191','Regular','Y'),
 (392,8,'L2/D/192','Regular','Y'),
 (393,8,'L2/D/193','Regular','Y'),
 (394,8,'L2/D/194','Regular','Y'),
 (395,8,'L2/D/195','Regular','Y'),
 (396,8,'L2/D/196','Regular','Y'),
 (397,8,'L2/D/197','Regular','Y'),
 (398,8,'L2/D/198','Regular','Y'),
 (399,8,'L2/D/199','Regular','Y'),
 (400,8,'L2/D/200','Regular','Y');
INSERT INTO "tbl_floor" ("Id","LocationId","Name","Status") VALUES (1,1,'Floor 1','Y'),
 (2,1,'Floor 2','Y'),
 (3,1,'Floor 3','Y'),
 (4,1,'Floor 4','Y'),
 (5,2,'Floor 1','Y'),
 (6,2,'Floor 2','Y'),
 (7,2,'Floor 3','Y'),
 (8,2,'Floor 4','Y');
INSERT INTO "tbl_location" ("Id","Name","Status") VALUES (1,'EON 1','Y'),
 (2,'EON 2','Y');
INSERT INTO "tbl_zone" ("Id","FloorId","Name","Status") VALUES (1,1,'A','Y'),
 (2,1,'B','Y'),
 (3,1,'C','Y'),
 (4,1,'D','Y'),
 (5,2,'A','Y'),
 (6,2,'B','Y'),
 (7,2,'C','Y'),
 (8,2,'D','Y'),
 (9,3,'A','Y'),
 (10,3,'B','Y'),
 (11,3,'C','Y'),
 (12,3,'D','Y'),
 (13,4,'A','Y'),
 (14,4,'B','Y'),
 (15,4,'C','Y'),
 (16,4,'D','Y');
COMMIT;
